,Time,Lot,pH,Temp,Current,Voltage,DTime,QC
24,29:17.1,1,2.8,17.78,3.66,3.87,2021-09-06,1
285,52:26.4,5,2.42,19.2,1.63,3.07,2021-09-06,1
523,13:22.4,8,5.27,23.99,3.37,3.22,2021-09-06,1
525,13:32.4,8,4.34,24.48,4.0,1.97,2021-09-06,1
543,15:02.5,8,4.73,24.6,3.97,4.58,2021-09-06,1
600,20:08.6,9,3.11,22.94,4.39,1.58,2021-09-06,1
628,22:50.6,10,4.16,23.55,2.13,4.19,2021-09-06,1
636,23:30.7,10,4.16,23.55,2.13,4.19,2021-09-06,1
669,26:15.8,10,4.16,23.55,2.13,4.19,2021-09-06,1
674,26:40.9,10,4.16,23.55,2.13,4.19,2021-09-06,1
791,37:10.2,12,1.58,24.31,4.23,2.07,2021-09-06,1
847,42:11.8,13,1.57,26.02,2.27,2.04,2021-09-06,1
1045,59:48.3,16,4.49,23.12,4.08,3.6,2021-09-06,1
1075,02:18.5,16,4.26,23.03,3.18,2.48,2021-09-06,1
1179,11:42.2,18,4.38,25.79,3.08,3.73,2021-09-06,1
1206,13:57.3,18,4.38,25.79,3.08,3.73,2021-09-06,1
1226,15:37.4,18,4.38,25.79,3.08,3.73,2021-09-06,1
1231,16:02.4,18,4.38,25.79,3.08,3.73,2021-09-06,1
1281,20:33.0,19,4.91,27.24,3.3,3.78,2021-09-06,1
1388,30:12.5,21,3.18,25.05,3.04,2.04,2021-09-06,1
1410,32:02.6,21,3.87,21.42,4.24,4.65,2021-09-06,1
1442,34:42.8,21,1.58,18.61,2.23,1.96,2021-09-06,1
1517,41:18.3,22,3.17,22.12,3.51,1.15,2021-09-06,1
1592,26:45.6,2,2.92,24.73,2.05,1.25,2021-09-07,0
1597,27:10.7,2,2.65,24.7,2.28,1.74,2021-09-07,0
1614,28:35.7,2,5.15,21.74,3.11,3.62,2021-09-07,0
1633,30:10.8,2,4.39,27.24,3.47,3.54,2021-09-07,0
1708,36:47.7,3,2.08,24.43,2.07,3.28,2021-09-07,1
1757,41:14.2,4,1.83,21.48,2.06,1.97,2021-09-07,1
1800,45:09.9,5,5.33,21.31,3.08,3.15,2021-09-07,1
1844,48:50.1,5,2.65,18.02,3.44,3.1,2021-09-07,1
1845,48:55.1,5,3.81,26.76,1.8,4.48,2021-09-07,1
1911,54:47.4,6,4.6,18.53,3.31,4.5,2021-09-07,1
1936,57:14.8,7,2.81,23.07,1.53,4.21,2021-09-07,1
1950,58:24.8,7,3.98,27.56,4.18,2.22,2021-09-07,1
2016,04:16.4,8,1.87,23.65,2.33,3.01,2021-09-07,1
2019,04:31.4,8,1.87,23.65,2.33,3.01,2021-09-07,1
2025,05:01.5,8,1.87,23.65,2.33,3.01,2021-09-07,1
2056,07:36.6,8,1.87,23.65,2.33,3.01,2021-09-07,1
2081,10:04.0,9,3.81,23.29,4.3,4.16,2021-09-07,1
2102,11:49.1,9,4.07,25.62,3.91,1.62,2021-09-07,1
2129,14:04.2,9,3.59,22.77,3.4,1.43,2021-09-07,1
2217,22:07.3,11,2.23,21.72,2.07,1.72,2021-09-07,1
2225,22:47.3,11,4.42,25.49,3.86,3.79,2021-09-07,1
2247,24:37.5,11,3.25,26.4,3.27,1.6,2021-09-07,1
2370,35:36.5,13,4.46,22.23,4.35,4.06,2021-09-07,1
2404,38:26.6,13,4.63,22.89,3.28,3.09,2021-09-07,1
2411,39:01.7,13,4.92,26.23,1.72,3.42,2021-09-07,1
2416,39:48.0,14,5.0,23.93,4.49,3.81,2021-09-07,1
2476,44:48.3,14,5.11,22.47,3.56,4.78,2021-09-07,1
2480,45:08.3,14,2.19,24.05,1.72,3.57,2021-09-07,1
2491,46:23.6,15,5.31,23.97,3.49,3.87,2021-09-07,1
2503,47:23.6,15,5.31,23.97,3.49,3.87,2021-09-07,1
2542,50:38.8,15,5.31,23.97,3.49,3.87,2021-09-07,1
2549,51:13.9,15,5.31,23.97,3.49,3.87,2021-09-07,1
2556,52:11.5,16,4.44,21.94,2.24,4.73,2021-09-07,1
2601,55:56.7,16,2.7,25.53,2.07,3.21,2021-09-07,1
2646,00:02.4,17,1.88,24.79,1.83,4.23,2021-09-07,1
2651,00:27.4,17,3.95,17.95,3.5,3.46,2021-09-07,1
2660,01:12.4,17,2.33,24.26,4.07,1.54,2021-09-07,1
2753,09:20.6,18,4.61,22.83,3.77,3.25,2021-09-07,1
2769,11:02.5,19,5.31,23.97,3.49,3.87,2021-09-07,1
2891,21:33.5,20,4.52,25.69,4.08,3.21,2021-09-07,1
2916,24:00.7,21,1.78,21.43,4.09,1.93,2021-09-07,1
2945,26:25.8,21,2.85,22.97,1.79,1.87,2021-09-07,1
2977,29:28.3,22,5.38,22.52,4.03,3.45,2021-09-07,1
2988,30:23.4,22,3.45,22.26,2.31,4.68,2021-09-07,1
2995,30:58.4,22,4.59,19.65,4.03,3.91,2021-09-07,1
3135,30:48.2,2,4.02,26.54,3.06,4.27,2021-09-08,1
3193,36:01.4,3,2.81,23.41,1.63,4.73,2021-09-08,1
3202,36:46.4,3,4.47,25.67,3.22,3.56,2021-09-08,1
3211,37:31.5,3,4.91,27.08,3.29,4.1,2021-09-08,1
3244,40:39.4,4,4.79,22.86,1.63,2.24,2021-09-08,1
3249,41:04.5,4,1.78,25.33,1.91,3.61,2021-09-08,1
3268,42:39.6,4,4.59,21.66,3.11,3.7,2021-09-08,1
3326,47:50.4,5,2.61,19.11,1.61,3.49,2021-09-08,1
3329,48:05.4,5,4.91,27.48,3.27,3.67,2021-09-08,1
3392,53:42.2,6,5.33,18.23,4.49,1.86,2021-09-08,1
3410,55:12.3,6,5.33,18.23,4.49,1.86,2021-09-08,1
3414,55:32.3,6,5.33,18.23,4.49,1.86,2021-09-08,1
3435,57:17.4,6,5.33,18.23,4.49,1.86,2021-09-08,1
3460,59:44.3,7,1.58,24.31,4.23,2.07,2021-09-08,1
3482,01:34.4,7,1.58,24.31,4.23,2.07,2021-09-08,1
3489,02:09.5,7,1.58,24.31,4.23,2.07,2021-09-08,1
3509,03:49.6,7,1.58,24.31,4.23,2.07,2021-09-08,1
3937,41:59.3,14,4.38,25.79,3.08,3.73,2021-09-08,1
3948,42:54.4,14,4.38,25.79,3.08,3.73,2021-09-08,1
3966,44:24.5,14,4.38,25.79,3.08,3.73,2021-09-08,1
3976,45:14.5,14,4.38,25.79,3.08,3.73,2021-09-08,1
4031,50:11.8,15,3.58,19.62,4.08,2.06,2021-09-08,1
4114,57:28.6,16,1.76,27.3,1.98,3.13,2021-09-08,1
4154,01:11.1,17,1.68,18.3,3.21,1.57,2021-09-08,1
4200,05:01.3,17,5.06,21.45,3.35,4.33,2021-09-08,1
4211,06:18.8,18,4.45,27.08,3.68,3.32,2021-09-08,1
4266,10:54.1,18,4.64,25.44,3.01,3.71,2021-09-08,1
4322,15:55.0,19,3.22,24.9,3.35,1.6,2021-09-08,1
4337,17:10.1,19,3.22,24.9,3.35,1.6,2021-09-08,1
4338,17:15.1,19,3.22,24.9,3.35,1.6,2021-09-08,1
4343,17:40.1,19,3.22,24.9,3.35,1.6,2021-09-08,1
4458,27:58.3,21,4.32,23.53,3.04,4.53,2021-09-08,1
4472,29:08.4,21,4.32,23.53,3.04,4.53,2021-09-08,1
4473,29:13.4,21,4.32,23.53,3.04,4.53,2021-09-08,1
4479,29:43.4,21,4.32,23.53,3.04,4.53,2021-09-08,1
4502,31:58.9,22,4.82,24.93,1.98,3.08,2021-09-08,1
4531,34:24.1,22,4.72,24.95,4.31,4.41,2021-09-08,1
4566,26:55.0,1,4.68,19.79,3.87,3.66,2021-09-09,1
4602,29:55.2,1,4.1,23.53,3.73,1.81,2021-09-09,1
4625,32:12.6,2,3.82,24.32,3.28,1.54,2021-09-09,1
4659,35:02.8,2,4.16,22.9,4.38,1.58,2021-09-09,1
4762,44:20.2,4,4.59,21.66,3.11,3.7,2021-09-09,1
4801,47:35.4,4,4.59,21.66,3.11,3.7,2021-09-09,1
4819,49:05.5,4,4.59,21.66,3.11,3.7,2021-09-09,1
4823,49:25.6,4,4.59,21.66,3.11,3.7,2021-09-09,1
4853,52:17.3,5,3.17,22.12,3.51,1.15,2021-09-09,1
4866,53:22.4,5,3.17,22.12,3.51,1.15,2021-09-09,1
4877,54:17.4,5,3.17,22.12,3.51,1.15,2021-09-09,1
4878,54:22.5,5,3.17,22.12,3.51,1.15,2021-09-09,1
4980,03:35.1,7,3.68,22.63,1.73,2.45,2021-09-09,1
5044,09:18.2,8,2.49,27.71,3.49,1.59,2021-09-09,0
5045,09:23.2,8,1.74,23.64,3.07,1.04,2021-09-09,0
5049,09:43.2,8,4.5,17.92,4.49,3.49,2021-09-09,0
5053,10:03.2,8,5.16,24.04,4.06,1.01,2021-09-09,0
5057,10:23.2,8,1.92,24.95,3.8,2.11,2021-09-09,0
5061,10:43.2,8,4.51,25.43,3.85,1.91,2021-09-09,0
5094,13:28.4,8,4.13,27.03,2.0,2.46,2021-09-09,0
5113,15:25.9,9,3.72,23.66,2.45,1.68,2021-09-09,1
5120,16:00.9,9,3.72,23.66,2.45,1.68,2021-09-09,1
5124,16:20.9,9,3.72,23.66,2.45,1.68,2021-09-09,1
5160,19:21.1,9,3.72,23.66,2.45,1.68,2021-09-09,1
5248,27:26.0,11,2.79,25.62,3.09,2.07,2021-09-09,1
5262,28:36.1,11,2.79,25.62,3.09,2.07,2021-09-09,1
5269,29:11.1,11,2.79,25.62,3.09,2.07,2021-09-09,1
5306,32:16.3,11,2.79,25.62,3.09,2.07,2021-09-09,1
5391,40:05.4,13,3.49,26.71,2.04,3.71,2021-09-09,1
5396,40:30.4,13,4.73,23.07,1.52,1.86,2021-09-09,1
5503,49:48.1,14,4.48,23.79,4.04,2.06,2021-09-09,1
5578,56:25.8,15,2.61,23.53,3.27,1.3,2021-09-09,1
5585,57:00.8,15,1.55,21.74,1.55,4.43,2021-09-09,1
5590,57:48.4,16,2.92,25.38,4.18,1.53,2021-09-09,1
5620,00:18.6,16,2.92,25.38,4.18,1.53,2021-09-09,1
5627,00:53.6,16,2.92,25.38,4.18,1.53,2021-09-09,1
5651,02:53.7,16,2.92,25.38,4.18,1.53,2021-09-09,1
5759,12:37.6,18,4.66,22.71,1.65,2.16,2021-09-09,1
6080,30:00.0,1,1.87,23.65,2.33,3.01,2021-09-10,1
6101,31:45.1,1,1.87,23.65,2.33,3.01,2021-09-10,1
6108,32:20.1,1,1.87,23.65,2.33,3.01,2021-09-10,1
6126,33:50.2,1,1.87,23.65,2.33,3.01,2021-09-10,1
6144,35:41.1,2,3.3,26.25,1.65,3.49,2021-09-10,1
6279,47:40.5,4,1.6,25.78,3.98,1.57,2021-09-10,1
6294,48:55.6,4,1.6,25.78,3.98,1.57,2021-09-10,1
6309,50:10.7,4,1.6,25.78,3.98,1.57,2021-09-10,1
6320,51:05.7,4,1.6,25.78,3.98,1.57,2021-09-10,1
6352,54:06.9,5,1.88,24.79,1.83,4.23,2021-09-10,1
6357,54:31.9,5,1.88,24.79,1.83,4.23,2021-09-10,1
6389,57:12.1,5,1.88,24.79,1.83,4.23,2021-09-10,1
6408,58:47.2,5,1.88,24.79,1.83,4.23,2021-09-10,1
6457,03:14.2,6,4.16,23.55,2.13,4.19,2021-09-10,1
6489,06:17.0,7,4.16,27.29,3.55,3.62,2021-09-10,1
6502,07:22.1,7,4.26,23.89,4.48,4.57,2021-09-10,1
6539,10:27.3,7,2.56,17.34,2.24,3.36,2021-09-10,1
6617,17:19.1,8,3.87,18.36,3.2,2.06,2021-09-10,1
6766,30:49.5,11,4.66,26.13,3.09,2.13,2021-09-10,1
6789,32:44.6,11,4.66,26.13,3.09,2.13,2021-09-10,1
6817,35:04.7,11,4.66,26.13,3.09,2.13,2021-09-10,1
6826,35:49.7,11,4.66,26.13,3.09,2.13,2021-09-10,1
7080,58:29.0,15,3.79,25.78,4.27,3.48,2021-09-10,1
7116,01:49.8,16,5.33,18.23,4.49,1.86,2021-09-10,1
7182,07:42.3,17,3.72,23.66,2.45,1.68,2021-09-10,1
7307,18:28.4,18,4.13,22.48,3.8,4.0,2021-09-10,1
7318,19:45.1,19,3.92,26.6,4.28,3.22,2021-09-10,1
7473,33:25.8,21,4.31,21.96,3.45,1.56,2021-09-10,1
7489,34:45.9,21,1.63,25.55,2.18,3.61,2021-09-10,1
7520,37:21.1,21,1.51,17.9,1.95,2.44,2021-09-10,1
7597,24:18.0,1,2.01,27.54,3.52,2.13,2021-09-13,1
7646,28:23.2,1,2.01,27.54,3.52,2.13,2021-09-13,1
7647,28:28.2,1,2.01,27.54,3.52,2.13,2021-09-13,1
7656,29:13.3,1,2.01,27.54,3.52,2.13,2021-09-13,1
7663,30:09.0,2,2.42,25.15,1.68,2.26,2021-09-13,1
7667,30:29.1,2,4.94,22.16,3.2,3.17,2021-09-13,1
7704,33:34.2,2,3.85,24.29,1.57,3.7,2021-09-13,1
7777,40:02.2,3,3.81,23.86,3.92,4.29,2021-09-13,1
7800,42:18.5,4,3.03,23.7,1.56,4.43,2021-09-13,1
7808,42:58.5,4,3.03,23.7,1.56,4.43,2021-09-13,1
7843,45:53.7,4,3.03,23.7,1.56,4.43,2021-09-13,1
7860,47:18.7,4,3.03,23.7,1.56,4.43,2021-09-13,1
7908,51:39.2,5,2.69,27.15,3.65,1.04,2021-09-13,1
7917,52:24.2,5,2.58,22.27,2.29,3.32,2021-09-13,1
7926,53:09.3,5,4.26,23.09,1.95,4.73,2021-09-13,1
7943,54:56.1,6,3.59,22.77,3.4,1.43,2021-09-13,1
7961,56:26.2,6,3.59,22.77,3.4,1.43,2021-09-13,1
7977,57:46.3,6,3.59,22.77,3.4,1.43,2021-09-13,1
7988,58:41.3,6,3.59,22.77,3.4,1.43,2021-09-13,1
8190,16:40.7,9,3.98,26.2,3.98,2.04,2021-09-13,1
8326,28:45.1,11,4.31,22.44,3.66,4.38,2021-09-13,1
8394,34:48.4,12,1.97,26.3,1.87,2.23,2021-09-13,1
8438,38:49.4,13,2.15,19.57,1.78,1.84,2021-09-13,1
8446,39:29.4,13,3.76,24.59,2.49,2.08,2021-09-13,1
8510,45:12.5,14,4.19,25.56,4.09,2.27,2021-09-13,1
8554,48:52.7,14,3.83,21.61,3.76,3.38,2021-09-13,1
8630,55:54.9,16,4.08,19.67,3.12,2.44,2021-09-13,1
8654,57:55.1,16,5.42,24.54,2.21,3.51,2021-09-13,1
8724,04:06.8,17,3.58,19.09,3.88,1.88,2021-09-13,1
8735,05:01.8,17,2.95,21.34,2.03,1.34,2021-09-13,1
8760,07:06.9,17,3.99,27.07,2.12,3.2,2021-09-13,1
8789,09:52.8,18,3.18,25.05,3.04,2.04,2021-09-13,1
8808,11:27.9,18,3.18,25.05,3.04,2.04,2021-09-13,1
8818,12:17.9,18,3.18,25.05,3.04,2.04,2021-09-13,1
8829,13:13.0,18,3.18,25.05,3.04,2.04,2021-09-13,1
8857,15:54.6,19,3.87,27.13,2.37,2.12,2021-09-13,1
8873,17:14.7,19,2.91,21.23,3.85,1.11,2021-09-13,1
8894,18:59.8,19,2.61,21.21,3.24,1.55,2021-09-13,1
8950,24:00.6,20,2.91,26.69,1.59,4.42,2021-09-13,1
8958,24:40.7,20,1.99,18.23,3.27,4.44,2021-09-13,1
8972,26:13.4,21,5.31,23.97,3.49,3.87,2021-09-13,1
9023,30:28.6,21,5.31,23.97,3.49,3.87,2021-09-13,1
9030,31:03.7,21,5.31,23.97,3.49,3.87,2021-09-13,1
9031,31:08.7,21,5.31,23.97,3.49,3.87,2021-09-13,1
9059,33:49.4,22,4.11,21.15,3.48,3.4,2021-09-13,0
9060,33:54.4,22,3.98,22.26,3.25,4.51,2021-09-13,0
9065,34:19.4,22,4.02,22.18,2.06,3.02,2021-09-13,0
9076,35:14.5,22,1.81,25.25,2.28,4.98,2021-09-13,0
9088,36:14.5,22,2.09,25.23,2.28,3.29,2021-09-13,0
9094,36:44.6,22,2.43,26.31,4.05,1.96,2021-09-13,0
9096,36:54.6,22,3.61,26.15,3.42,1.26,2021-09-13,0
9264,36:33.7,3,4.12,25.23,3.35,3.95,2021-09-14,1
9279,37:48.8,3,1.87,23.65,2.33,3.01,2021-09-14,1
9320,41:35.7,4,1.58,21.02,2.41,1.86,2021-09-14,1
9432,51:17.5,5,1.85,22.33,2.26,3.89,2021-09-14,1
9495,56:53.4,6,1.95,25.29,3.58,1.93,2021-09-14,1
9686,13:52.8,9,3.61,23.22,3.04,1.78,2021-09-14,1
9695,14:37.8,9,4.8,18.31,1.92,1.42,2021-09-14,1
9760,20:24.6,10,3.81,25.03,4.14,4.38,2021-09-14,1
9904,33:09.5,12,2.17,22.89,2.03,4.59,2021-09-14,1
9906,33:19.6,12,3.56,26.43,1.92,2.4,2021-09-14,1
9979,39:45.0,13,4.06,24.48,4.02,3.15,2021-09-14,1
10155,55:30.1,16,4.32,23.76,2.32,4.6,2021-09-14,1
10193,58:40.3,16,4.32,23.53,3.04,4.53,2021-09-14,1
10205,59:40.4,16,3.57,22.82,4.11,1.56,2021-09-14,1
10215,00:53.1,17,4.91,27.24,3.3,3.78,2021-09-14,1
10229,02:03.1,17,4.91,27.24,3.3,3.78,2021-09-14,1
10248,03:38.2,17,4.91,27.24,3.3,3.78,2021-09-14,1
10262,04:48.3,17,4.91,27.24,3.3,3.78,2021-09-14,1
10357,13:27.1,19,2.54,19.59,3.67,2.13,2021-09-14,1
10423,19:19.5,20,4.64,26.18,2.08,4.42,2021-09-14,1
10437,20:29.5,20,3.53,26.4,1.7,4.91,2021-09-14,1
10451,21:39.6,20,3.77,25.86,1.84,2.14,2021-09-14,1
10520,27:45.1,21,4.24,23.99,3.34,2.17,2021-09-14,1
10535,29:00.2,21,2.01,27.54,3.52,2.13,2021-09-14,1
10576,32:46.1,22,3.22,24.9,3.35,1.6,2021-09-14,1
10622,36:36.3,22,2.29,24.98,2.2,2.01,2021-09-14,1
10706,33:58.6,2,4.16,26.65,4.1,3.05,2021-09-15,1
10774,40:00.6,3,5.02,25.0,3.29,3.37,2021-09-15,1
10794,41:40.7,3,2.42,25.3,4.16,1.2,2021-09-15,1
10828,44:30.9,3,1.66,24.49,3.25,1.29,2021-09-15,1
10877,48:58.0,4,3.48,27.0,2.0,4.6,2021-09-15,1
10920,52:53.4,5,1.6,25.78,3.98,1.57,2021-09-15,1
11114,10:07.8,8,3.82,21.02,3.66,4.11,2021-09-15,1
11123,10:52.8,8,5.48,24.39,3.27,3.41,2021-09-15,1
11268,23:40.5,10,4.66,26.13,3.09,2.13,2021-09-15,1
11285,25:05.5,10,3.78,23.43,2.16,3.26,2021-09-15,1
11323,28:37.9,11,4.24,26.82,3.72,1.7,2021-09-15,1
11375,32:58.2,11,5.16,27.06,4.32,4.61,2021-09-15,1
11407,36:01.1,12,2.4,24.03,3.73,1.85,2021-09-15,1
11458,40:37.4,13,4.65,22.8,2.16,4.56,2021-09-15,1
11469,41:32.5,13,2.07,17.67,4.25,3.86,2021-09-15,1
11503,44:22.7,13,1.63,21.73,2.22,2.15,2021-09-15,1
11740,05:35.6,17,4.59,21.66,3.11,3.7,2021-09-15,1
11749,06:20.7,17,4.59,21.66,3.11,3.7,2021-09-15,1
11751,06:30.7,17,4.59,21.66,3.11,3.7,2021-09-15,1
11769,08:00.8,17,4.59,21.66,3.11,3.7,2021-09-15,1
11833,13:43.5,18,2.79,21.02,2.06,4.83,2021-09-15,1
11846,14:48.6,18,2.79,21.02,2.06,4.83,2021-09-15,1
11859,15:53.6,18,2.79,21.02,2.06,4.83,2021-09-15,1
11862,16:08.7,18,2.79,21.02,2.06,4.83,2021-09-15,1
11896,19:21.0,19,3.41,21.84,1.97,4.58,2021-09-15,1
11942,23:33.8,20,4.07,24.41,3.83,3.89,2021-09-15,1
12082,35:57.4,22,4.65,22.8,2.16,4.56,2021-09-15,1
12083,36:02.4,22,4.65,22.8,2.16,4.56,2021-09-15,1
12107,38:02.5,22,4.65,22.8,2.16,4.56,2021-09-15,1
12129,39:52.6,22,4.65,22.8,2.16,4.56,2021-09-15,1
12156,24:02.0,1,3.92,22.33,3.34,3.2,2021-09-16,1
12233,30:48.0,2,2.17,22.89,2.03,4.59,2021-09-16,1
12236,31:03.0,2,2.17,22.89,2.03,4.59,2021-09-16,1
12242,31:33.1,2,2.17,22.89,2.03,4.59,2021-09-16,1
12267,33:38.2,2,2.17,22.89,2.03,4.59,2021-09-16,1
12328,39:04.2,3,3.21,23.88,3.4,1.27,2021-09-16,0
12331,39:19.2,3,1.54,19.34,4.06,1.97,2021-09-16,0
12332,39:24.2,3,2.06,23.82,1.69,2.04,2021-09-16,0
12340,40:04.3,3,4.06,24.61,2.48,4.53,2021-09-16,0
12348,40:44.3,3,4.91,22.77,4.19,4.61,2021-09-16,0
12430,48:17.3,5,4.29,27.53,4.19,1.71,2021-09-16,1
12660,08:34.2,8,3.42,21.84,3.69,1.4,2021-09-16,1
12712,13:15.1,9,4.65,22.8,2.16,4.56,2021-09-16,1
12739,15:30.2,9,4.65,22.8,2.16,4.56,2021-09-16,1
12751,16:30.3,9,4.65,22.8,2.16,4.56,2021-09-16,1
12763,17:30.3,9,4.65,22.8,2.16,4.56,2021-09-16,1
12925,32:03.2,12,1.58,21.02,2.41,1.86,2021-09-16,1
12931,32:33.2,12,1.58,21.02,2.41,1.86,2021-09-16,1
12939,33:13.2,12,1.58,21.02,2.41,1.86,2021-09-16,1
12941,33:23.2,12,1.58,21.02,2.41,1.86,2021-09-16,1
13072,45:00.8,14,5.32,22.28,2.13,4.03,2021-09-16,1
13157,52:29.0,15,4.48,25.25,3.56,2.35,2021-09-16,1
13175,53:59.1,15,3.92,24.49,3.97,1.88,2021-09-16,1
13225,58:31.3,16,2.79,21.02,2.06,4.83,2021-09-16,1
13322,07:19.4,18,4.62,22.78,1.65,1.68,2021-09-16,1
13366,10:59.6,18,5.34,21.34,3.07,2.43,2021-09-16,1
13367,11:04.6,18,2.48,25.74,2.42,2.14,2021-09-16,1
13395,13:45.8,19,1.6,25.78,3.98,1.57,2021-09-16,1
13413,15:15.8,19,1.6,25.78,3.98,1.57,2021-09-16,1
13424,16:10.9,19,1.6,25.78,3.98,1.57,2021-09-16,1
13442,17:41.0,19,1.6,25.78,3.98,1.57,2021-09-16,1
13463,19:48.2,20,3.28,23.59,1.77,4.93,2021-09-16,1
13474,20:43.3,20,4.16,27.24,2.17,3.66,2021-09-16,1
13612,32:58.8,22,4.38,25.79,3.08,3.73,2021-09-16,1
13626,34:08.9,22,4.98,25.93,2.49,2.1,2021-09-16,1
13667,21:39.0,1,2.77,22.84,1.94,3.73,2021-09-17,1
13710,25:14.2,1,5.4,24.07,4.27,1.75,2021-09-17,1
13757,29:29.7,2,3.37,23.67,4.3,1.69,2021-09-17,1
13783,31:39.8,2,3.03,23.7,1.56,4.43,2021-09-17,1
13799,32:59.9,2,4.56,25.12,2.11,1.05,2021-09-17,1
13831,36:02.0,3,3.48,27.0,2.0,4.6,2021-09-17,1
13845,37:12.1,3,3.48,27.0,2.0,4.6,2021-09-17,1
13856,38:07.1,3,3.48,27.0,2.0,4.6,2021-09-17,1
13866,38:57.2,3,3.48,27.0,2.0,4.6,2021-09-17,1
13911,43:03.1,4,2.92,25.38,4.18,1.53,2021-09-17,1
13949,46:35.0,5,4.38,25.79,3.08,3.73,2021-09-17,1
13951,46:45.0,5,4.38,25.79,3.08,3.73,2021-09-17,1
13957,47:15.0,5,4.38,25.79,3.08,3.73,2021-09-17,1
13968,48:10.1,5,4.38,25.79,3.08,3.73,2021-09-17,1
14030,53:41.9,6,2.56,25.61,1.89,3.77,2021-09-17,1
14129,02:17.7,7,4.35,24.31,1.78,3.14,2021-09-17,1
14186,07:25.0,8,4.66,24.84,3.68,2.08,2021-09-17,1
14223,10:50.8,9,2.79,25.62,3.09,2.07,2021-09-17,1
14285,16:22.9,10,3.83,21.61,3.76,3.38,2021-09-17,1
14290,16:47.9,10,3.83,21.61,3.76,3.38,2021-09-17,1
14317,19:03.0,10,3.83,21.61,3.76,3.38,2021-09-17,1
14350,21:48.2,10,3.83,21.61,3.76,3.38,2021-09-17,1
14352,22:19.7,11,5.42,21.48,3.38,4.04,2021-09-17,1
14503,35:35.8,13,3.76,24.59,2.49,2.08,2021-09-17,1
14515,36:35.9,13,3.76,24.59,2.49,2.08,2021-09-17,1
14521,37:05.9,13,3.76,24.59,2.49,2.08,2021-09-17,1
14554,39:51.0,13,3.76,24.59,2.49,2.08,2021-09-17,1
14594,43:32.1,14,2.12,25.49,3.81,1.97,2021-09-17,1
14709,53:52.5,16,4.04,23.87,3.98,2.38,2021-09-17,0
14715,54:22.5,16,1.58,21.44,3.84,1.56,2021-09-17,0
14742,56:37.7,16,2.31,21.31,1.94,4.64,2021-09-17,0
14745,56:52.7,16,5.35,22.51,3.97,3.03,2021-09-17,0
14847,06:05.8,18,4.39,22.62,3.47,3.9,2021-09-17,1
15022,21:26.2,20,4.74,23.91,1.83,1.36,2021-09-17,1
15123,30:35.4,22,3.97,21.74,3.13,4.19,2021-09-17,1
15350,34:56.1,3,4.15,21.9,1.96,4.15,2021-09-23,1
15381,37:31.3,3,4.49,19.44,3.54,2.19,2021-09-23,1
15475,46:05.3,5,3.81,25.03,4.14,4.38,2021-09-23,1
15506,48:40.4,5,3.81,25.03,4.14,4.38,2021-09-23,1
15523,50:05.5,5,3.81,25.03,4.14,4.38,2021-09-23,1
15524,50:10.5,5,3.81,25.03,4.14,4.38,2021-09-23,1
15533,51:15.7,6,4.66,26.13,3.09,2.13,2021-09-23,1
15553,52:55.8,6,4.66,26.13,3.09,2.13,2021-09-23,1
15558,53:20.9,6,4.66,26.13,3.09,2.13,2021-09-23,1
15565,53:55.9,6,4.66,26.13,3.09,2.13,2021-09-23,1
15654,01:43.0,7,4.01,22.01,3.42,4.09,2021-09-23,1
15682,04:25.7,8,3.58,24.27,4.01,1.07,2021-09-23,1
15708,06:35.9,8,5.15,22.2,3.11,3.94,2021-09-23,1
15855,19:33.7,10,3.31,18.22,3.86,4.02,2021-09-23,1
15919,25:16.1,11,4.57,24.12,3.27,3.31,2021-09-23,1
15952,28:22.9,12,2.77,19.44,3.6,1.89,2021-09-23,1
15971,29:58.0,12,2.16,23.9,1.73,4.0,2021-09-23,1
16243,54:05.1,16,3.41,21.84,1.97,4.58,2021-09-23,1
16261,55:35.2,16,3.41,21.84,1.97,4.58,2021-09-23,1
16262,55:40.2,16,3.41,21.84,1.97,4.58,2021-09-23,1
16283,57:25.3,16,3.41,21.84,1.97,4.58,2021-09-23,1
16300,59:12.7,17,1.6,22.3,1.82,2.4,2021-09-23,1
16318,00:42.8,17,4.12,22.49,2.19,4.75,2021-09-23,1
16326,01:22.8,17,3.82,23.62,3.1,4.32,2021-09-23,1
16446,12:06.9,19,3.88,25.02,3.45,3.69,2021-09-23,1
16633,28:47.7,22,4.42,25.55,4.38,1.96,2021-09-23,1
16674,32:12.9,22,1.6,27.4,4.22,1.4,2021-09-23,1
16839,34:40.3,3,3.8,24.06,2.29,2.29,2021-09-24,1
16850,35:35.4,3,3.8,24.06,2.29,2.29,2021-09-24,1
16859,36:20.4,3,3.8,24.06,2.29,2.29,2021-09-24,1
16865,36:50.4,3,3.8,24.06,2.29,2.29,2021-09-24,1
16981,47:13.7,5,2.26,24.54,4.17,1.52,2021-09-24,1
16997,48:33.8,5,2.26,24.54,4.17,1.52,2021-09-24,1
17027,51:04.0,5,2.26,24.54,4.17,1.52,2021-09-24,1
17038,51:59.0,5,2.26,24.54,4.17,1.52,2021-09-24,1
17140,01:10.7,7,4.14,26.8,3.67,4.54,2021-09-24,1
17162,03:00.8,7,4.89,22.31,3.75,4.25,2021-09-24,1
17185,05:16.1,8,3.52,27.13,3.12,1.83,2021-09-24,1
17195,06:06.2,8,3.52,27.13,3.12,1.83,2021-09-24,1
17199,06:26.2,8,3.52,27.13,3.12,1.83,2021-09-24,1
17224,08:31.3,8,3.52,27.13,3.12,1.83,2021-09-24,1
17258,11:42.0,9,5.3,23.13,4.4,3.69,2021-09-24,1
17319,17:07.3,10,2.79,23.17,1.58,1.98,2021-09-24,1
17330,18:02.4,10,1.81,24.13,4.4,1.62,2021-09-24,1
17392,23:35.4,11,3.41,26.86,1.62,3.92,2021-09-24,1
17394,23:45.4,11,4.63,23.01,3.73,2.49,2021-09-24,1
17403,24:30.5,11,3.27,24.54,2.24,4.89,2021-09-24,1
17486,31:46.6,12,3.99,23.27,4.09,3.41,2021-09-24,1
17488,31:56.6,12,4.59,26.58,1.66,3.27,2021-09-24,1
17678,48:53.9,15,1.72,26.21,4.29,1.58,2021-09-24,1
17695,50:19.0,15,3.84,23.79,1.6,4.78,2021-09-24,1
17773,57:11.8,16,1.84,26.28,2.06,1.33,2021-09-24,1
17780,57:46.8,16,4.8,19.39,1.85,2.25,2021-09-24,1
17805,00:13.1,17,2.05,22.63,1.59,4.96,2021-09-24,1
17821,01:33.2,17,2.05,22.63,1.59,4.96,2021-09-24,1
17843,03:23.3,17,2.05,22.63,1.59,4.96,2021-09-24,1
17853,04:13.4,17,2.05,22.63,1.59,4.96,2021-09-24,1
17881,06:54.0,18,1.95,17.17,3.25,4.09,2021-09-24,1
17883,07:04.0,18,1.95,17.17,3.25,4.09,2021-09-24,1
17897,08:14.0,18,1.95,17.17,3.25,4.09,2021-09-24,1
17903,08:44.1,18,1.95,17.17,3.25,4.09,2021-09-24,1
17978,15:19.6,19,3.58,19.97,2.01,4.04,2021-09-24,1
18232,27:32.0,1,4.71,21.98,3.07,3.64,2021-09-27,1
18314,34:42.9,2,2.34,25.71,3.26,1.21,2021-09-27,1
18315,34:47.9,2,2.5,25.06,3.03,1.44,2021-09-27,1
18360,38:54.0,3,1.74,17.29,2.04,4.76,2021-09-27,1
18398,42:04.2,3,3.18,21.74,2.33,3.84,2021-09-27,1
18630,02:51.0,7,4.35,21.98,3.39,2.37,2021-09-27,1
18653,04:46.1,7,4.18,25.64,4.14,4.79,2021-09-27,1
18730,11:33.7,8,1.69,26.61,4.07,1.89,2021-09-27,1
18806,18:16.7,9,4.12,24.59,4.44,2.17,2021-09-27,1
18866,23:37.6,10,4.34,23.08,4.21,3.6,2021-09-27,1
18896,26:07.7,10,3.8,24.06,2.29,2.29,2021-09-27,1
18944,30:28.1,11,3.99,23.27,4.09,3.41,2021-09-27,1
18959,31:43.2,11,3.99,23.27,4.09,3.41,2021-09-27,1
18961,31:53.2,11,3.99,23.27,4.09,3.41,2021-09-27,1
18970,32:38.2,11,3.99,23.27,4.09,3.41,2021-09-27,1
19015,36:44.8,12,5.08,26.26,1.53,2.29,2021-09-27,1
19019,37:04.8,12,4.8,24.26,3.14,4.72,2021-09-27,1
19046,39:42.3,13,5.2,24.46,2.12,4.0,2021-09-27,1
19077,42:17.4,13,5.2,24.46,2.12,4.0,2021-09-27,1
19090,43:22.5,13,5.2,24.46,2.12,4.0,2021-09-27,1
19094,43:42.5,13,5.2,24.46,2.12,4.0,2021-09-27,1
19183,51:50.8,15,2.64,23.52,3.26,2.09,2021-09-27,1
19184,51:55.8,15,3.69,22.79,1.84,4.42,2021-09-27,1
19197,53:00.8,15,2.26,23.15,1.6,2.14,2021-09-27,1
19266,59:08.6,16,3.25,24.44,3.01,1.61,2021-09-27,1
19393,10:28.8,18,4.14,21.75,3.65,4.89,2021-09-27,1
19404,11:23.9,18,2.19,22.36,4.39,1.57,2021-09-27,1
19418,12:33.9,18,2.95,26.47,1.9,3.07,2021-09-27,1
19493,19:11.6,19,2.88,24.26,1.61,1.83,2021-09-27,1
19511,20:41.7,19,1.66,26.13,2.27,4.46,2021-09-27,1
19619,30:25.7,21,2.78,23.2,4.37,1.79,2021-09-27,1
19650,33:00.9,21,2.78,23.2,4.37,1.79,2021-09-27,1
19661,33:56.0,21,2.78,23.2,4.37,1.79,2021-09-27,1
19662,34:01.0,21,2.78,23.2,4.37,1.79,2021-09-27,1
19737,22:02.0,1,1.95,17.17,3.25,4.09,2021-09-28,1
19763,24:12.1,1,1.95,17.17,3.25,4.09,2021-09-28,1
19779,25:32.2,1,1.95,17.17,3.25,4.09,2021-09-28,1
19801,27:22.3,1,1.95,17.17,3.25,4.09,2021-09-28,1
19803,27:55.2,2,2.26,24.54,4.17,1.52,2021-09-28,1
19820,29:20.2,2,2.26,24.54,4.17,1.52,2021-09-28,1
19839,30:55.3,2,2.26,24.54,4.17,1.52,2021-09-28,1
19852,32:00.4,2,2.26,24.54,4.17,1.52,2021-09-28,1
19872,34:03.2,3,4.09,27.75,4.19,2.42,2021-09-28,1
19901,36:28.3,3,2.99,17.93,4.3,4.36,2021-09-28,1
19948,40:44.6,4,3.51,19.32,1.67,3.03,2021-09-28,1
19957,41:29.7,4,1.91,26.81,1.86,1.88,2021-09-28,1
20062,50:36.5,5,4.15,27.2,3.55,3.96,2021-09-28,1
20089,53:12.3,6,2.25,27.38,2.34,4.03,2021-09-28,1
20134,56:57.5,6,2.69,19.35,3.29,1.48,2021-09-28,1
20171,00:23.8,7,4.36,27.56,3.61,3.95,2021-09-28,1
20193,02:13.9,7,5.1,25.01,3.69,4.17,2021-09-28,1
20206,03:18.9,7,1.63,24.92,1.77,1.73,2021-09-28,1
20219,04:44.8,8,3.92,27.04,4.17,2.37,2021-09-28,0
20229,05:34.8,8,2.55,27.84,3.23,2.09,2021-09-28,0
20230,05:39.8,8,5.43,24.59,3.45,1.53,2021-09-28,0
20271,09:05.0,8,1.95,25.42,1.59,4.66,2021-09-28,0
20318,13:22.1,9,3.36,27.93,2.21,4.18,2021-09-28,1
20359,17:07.6,10,3.97,26.52,1.55,3.18,2021-09-28,1
20374,18:22.7,10,4.66,24.61,3.21,3.32,2021-09-28,1
20536,32:36.4,12,3.95,23.18,3.81,3.95,2021-09-28,1
20540,32:56.4,12,4.81,25.04,1.96,3.18,2021-09-28,1
20619,39:54.5,13,2.73,23.97,1.8,1.9,2021-09-28,1
20694,46:32.8,14,3.05,23.77,1.84,3.76,2021-09-28,1
20710,48:13.3,15,4.19,25.61,3.45,3.28,2021-09-28,1
20767,52:58.5,15,3.04,25.42,2.48,1.21,2021-09-28,1
20881,03:13.1,17,1.59,19.47,1.66,3.14,2021-09-28,1
20948,09:08.8,18,2.26,24.54,4.17,1.52,2021-09-28,1
21001,13:54.5,19,1.76,26.17,4.25,1.1,2021-09-28,1
21062,19:22.4,20,4.69,27.25,3.58,4.89,2021-09-28,1
21079,20:47.5,20,1.52,18.48,3.93,4.72,2021-09-28,1
21192,30:53.9,22,2.4,22.61,3.23,2.14,2021-09-28,1
21204,31:54.0,22,2.4,22.61,3.23,2.14,2021-09-28,1
21229,33:59.1,22,2.4,22.61,3.23,2.14,2021-09-28,1
21238,34:44.2,22,2.4,22.61,3.23,2.14,2021-09-28,1
21714,10:33.9,7,1.99,21.61,2.48,1.62,2021-09-29,1
21772,15:45.5,8,2.79,23.17,1.58,1.98,2021-09-29,1
21773,15:50.5,8,2.79,23.17,1.58,1.98,2021-09-29,1
21779,16:20.5,8,2.79,23.17,1.58,1.98,2021-09-29,1
21780,16:25.5,8,2.79,23.17,1.58,1.98,2021-09-29,1
21930,29:41.1,10,3.49,22.37,1.86,1.81,2021-09-29,1
21964,32:54.1,11,2.52,23.65,1.97,4.09,2021-09-29,1
22118,46:28.3,13,5.16,19.68,3.21,4.12,2021-09-29,1
22126,47:08.4,13,3.34,22.97,1.95,3.66,2021-09-29,1
22192,53:00.1,14,2.31,27.71,2.08,4.41,2021-09-29,1
22292,02:02.9,16,2.89,21.69,4.38,1.62,2021-09-29,1
22634,32:22.0,21,3.52,27.13,3.12,1.83,2021-09-29,1
22641,32:57.1,21,3.52,27.13,3.12,1.83,2021-09-29,1
22675,35:47.2,21,3.52,27.13,3.12,1.83,2021-09-29,1
22677,35:57.2,21,3.52,27.13,3.12,1.83,2021-09-29,1
22728,40:33.3,22,3.95,21.6,3.05,3.99,2021-09-29,1
22745,41:58.4,22,2.52,22.33,1.55,3.6,2021-09-29,1
22774,24:02.0,1,2.18,23.81,1.82,1.75,2021-09-30,1
22848,30:34.9,2,2.68,22.35,1.81,4.55,2021-09-30,1
22921,37:02.4,3,1.95,17.17,3.25,4.09,2021-09-30,1
22927,37:32.4,3,1.95,17.17,3.25,4.09,2021-09-30,1
22931,37:52.4,3,1.95,17.17,3.25,4.09,2021-09-30,1
22942,38:47.5,3,1.95,17.17,3.25,4.09,2021-09-30,1
23009,44:43.3,4,5.44,18.57,4.23,4.24,2021-09-30,1
23021,45:43.4,4,5.05,21.85,3.92,2.32,2021-09-30,1
23025,46:03.4,4,4.38,25.02,3.5,4.54,2021-09-30,1
23098,52:31.5,5,3.81,23.18,3.35,4.87,2021-09-30,1
23106,53:11.5,5,2.41,22.77,2.17,2.24,2021-09-30,1
23267,07:42.8,8,2.55,18.41,4.35,4.82,2021-09-30,1
23394,19:03.1,10,3.49,27.73,2.14,1.94,2021-09-30,1
23413,20:38.2,10,3.49,27.73,2.14,1.94,2021-09-30,1
23419,21:08.2,10,3.49,27.73,2.14,1.94,2021-09-30,1
23438,22:43.3,10,3.49,27.73,2.14,1.94,2021-09-30,1
23473,25:59.8,11,3.52,27.13,3.12,1.83,2021-09-30,1
23554,33:07.4,12,5.21,27.85,2.38,1.59,2021-09-30,1
23590,36:07.5,12,3.91,26.61,2.26,3.11,2021-09-30,1
23620,38:59.0,13,2.02,22.18,2.46,2.06,2021-09-30,0
23625,39:24.1,13,3.56,26.2,3.34,1.86,2021-09-30,0
23626,39:29.1,13,4.79,21.08,3.28,1.19,2021-09-30,0
23739,49:38.6,15,2.73,23.97,1.8,1.9,2021-09-30,1
23753,50:48.6,15,2.73,23.97,1.8,1.9,2021-09-30,1
23758,51:13.7,15,2.73,23.97,1.8,1.9,2021-09-30,1
23781,53:08.8,15,2.73,23.97,1.8,1.9,2021-09-30,1
23815,56:19.4,16,2.31,27.71,2.08,4.41,2021-09-30,1
23832,57:44.5,16,2.31,27.71,2.08,4.41,2021-09-30,1
23838,58:14.5,16,2.31,27.71,2.08,4.41,2021-09-30,1
23844,58:44.6,16,2.31,27.71,2.08,4.41,2021-09-30,1
24016,14:08.2,19,4.8,19.39,1.85,2.25,2021-09-30,1
24024,14:48.3,19,4.8,19.39,1.85,2.25,2021-09-30,1
24050,16:58.4,19,4.8,19.39,1.85,2.25,2021-09-30,1
24073,18:53.6,19,4.8,19.39,1.85,2.25,2021-09-30,1
24082,20:01.1,20,2.73,23.97,1.8,1.9,2021-09-30,1
24105,21:56.2,20,2.73,23.97,1.8,1.9,2021-09-30,1
24106,22:01.2,20,2.73,23.97,1.8,1.9,2021-09-30,1
24127,23:46.3,20,2.73,23.97,1.8,1.9,2021-09-30,1
24178,28:22.0,21,2.77,24.88,2.12,4.62,2021-09-30,1
24216,31:32.2,21,4.97,25.59,2.16,4.67,2021-09-30,1
24237,33:39.0,22,4.02,27.18,4.35,4.33,2021-09-30,1
24537,44:22.7,4,3.88,23.04,1.65,3.72,2021-10-01,1
24591,49:13.0,5,4.8,21.31,4.42,3.49,2021-10-01,1
24595,49:33.0,5,3.93,26.86,3.18,4.6,2021-10-01,1
24622,51:48.2,5,3.8,24.83,4.02,4.21,2021-10-01,1
24784,06:23.6,8,2.56,18.33,2.33,1.55,2021-10-01,1
25122,36:19.5,13,2.78,23.2,4.37,1.79,2021-10-01,1
25258,48:21.5,15,4.96,24.69,4.15,2.28,2021-10-01,1
25265,48:56.6,15,4.96,24.69,4.15,2.28,2021-10-01,1
25275,49:46.6,15,4.96,24.69,4.15,2.28,2021-10-01,1
25287,50:46.7,15,4.96,24.69,4.15,2.28,2021-10-01,1
25384,59:14.5,16,2.53,17.81,3.86,4.29,2021-10-01,1
25504,09:59.7,18,4.13,27.97,1.64,4.47,2021-10-01,1
25507,10:14.7,18,2.25,26.89,4.0,1.49,2021-10-01,1
25575,16:16.2,19,3.8,24.24,3.39,1.09,2021-10-01,1
25581,16:46.2,19,1.74,22.67,1.61,3.79,2021-10-01,1
25584,17:01.2,19,3.29,21.7,3.68,1.37,2021-10-01,1
25705,27:48.7,21,1.91,22.18,3.6,1.92,2021-10-01,1
25733,30:08.9,21,4.51,22.67,4.12,2.49,2021-10-01,1
25878,26:26.2,2,2.14,25.48,4.12,1.38,2021-10-05,1
25882,26:46.2,2,4.08,23.64,1.77,3.67,2021-10-05,1
25980,35:16.8,3,4.12,24.59,4.44,2.17,2021-10-05,1
25999,36:51.9,3,4.12,24.59,4.44,2.17,2021-10-05,1
26009,37:42.0,3,4.12,24.59,4.44,2.17,2021-10-05,1
26012,37:57.0,3,4.12,24.59,4.44,2.17,2021-10-05,1
26071,43:13.5,4,2.18,19.59,1.66,4.26,2021-10-05,1
26252,59:22.5,7,2.4,25.88,2.03,3.03,2021-10-05,1
26259,59:57.6,7,3.08,24.68,2.19,1.37,2021-10-05,1
26363,09:20.8,9,4.59,23.56,2.37,2.15,2021-10-05,1
26466,18:17.2,10,2.78,23.61,2.17,3.65,2021-10-05,1
26478,19:17.2,10,2.78,23.61,2.17,3.65,2021-10-05,1
26479,19:22.2,10,2.78,23.61,2.17,3.65,2021-10-05,1
26495,20:42.3,10,2.78,23.61,2.17,3.65,2021-10-05,1
26529,23:55.0,11,5.22,26.32,1.87,4.8,2021-10-05,1
26648,34:34.2,13,4.25,24.63,4.04,4.06,2021-10-05,1
26649,34:39.2,13,4.12,24.91,3.09,1.12,2021-10-05,1
26683,37:29.4,13,3.5,22.56,1.91,4.13,2021-10-05,1
26761,44:22.1,14,1.62,24.43,2.34,1.52,2021-10-05,1
26873,54:24.9,16,3.08,24.97,1.97,4.74,2021-10-05,1
26891,55:55.0,16,2.65,24.16,2.07,4.44,2021-10-05,1
26939,00:15.8,17,4.02,22.22,4.49,2.2,2021-10-05,1
26964,02:21.0,17,4.53,23.69,3.46,3.33,2021-10-05,1
26965,02:26.0,17,4.05,22.1,3.87,4.81,2021-10-05,1
26983,04:18.8,18,3.07,27.56,2.31,1.75,2021-10-05,0
27011,06:38.9,18,2.56,22.12,4.26,1.35,2021-10-05,0
27014,06:53.9,18,3.13,26.96,2.38,1.47,2021-10-05,0
27024,07:44.0,18,2.75,25.86,2.0,4.98,2021-10-05,0
27032,08:24.0,18,3.16,22.94,1.65,3.93,2021-10-05,0
27106,14:56.4,19,2.78,23.61,2.17,3.65,2021-10-05,1
27119,16:23.3,20,5.19,21.2,2.1,3.46,2021-10-05,1
27242,27:00.2,21,4.21,22.54,4.45,4.78,2021-10-05,1
27400,31:40.9,2,2.96,26.87,4.25,1.78,2021-10-06,1
27531,43:18.8,4,4.7,26.56,3.09,1.48,2021-10-06,1
27544,44:23.9,4,1.53,25.79,4.39,1.9,2021-10-06,1
27816,08:29.7,8,1.95,17.17,3.25,4.09,2021-10-06,1
27830,09:39.7,8,1.95,17.17,3.25,4.09,2021-10-06,1
27843,10:44.8,8,1.95,17.17,3.25,4.09,2021-10-06,1
27859,12:04.9,8,1.95,17.17,3.25,4.09,2021-10-06,1
27882,14:20.2,9,1.84,26.97,1.73,4.37,2021-10-06,1
27895,15:25.3,9,5.43,23.38,3.27,4.95,2021-10-06,1
27952,20:30.8,10,5.23,22.78,4.33,4.8,2021-10-06,1
27953,20:35.8,10,4.0,25.75,3.41,3.12,2021-10-06,1
27966,21:40.8,10,3.13,21.04,3.57,1.55,2021-10-06,1
28112,34:32.8,12,4.15,25.43,1.93,4.94,2021-10-06,1
28155,38:30.9,13,2.59,25.56,2.22,4.78,2021-10-06,1
28202,42:26.1,13,3.29,23.51,2.29,1.76,2021-10-06,1
28222,44:27.7,14,1.95,17.17,3.25,4.09,2021-10-06,1
28260,47:37.9,14,4.07,26.59,3.33,1.79,2021-10-06,1
28268,48:18.0,14,5.1,25.15,1.69,3.91,2021-10-06,1
28295,50:53.5,15,2.63,25.58,2.26,3.55,2021-10-06,1
28335,54:13.7,15,3.51,26.88,1.86,3.29,2021-10-06,1
28367,57:16.8,16,4.68,25.11,4.4,3.31,2021-10-06,1
28370,57:31.9,16,5.27,23.13,3.67,3.49,2021-10-06,1
28438,03:34.6,17,5.41,22.44,3.56,4.74,2021-10-06,1
28453,04:49.7,17,3.8,23.8,3.59,3.3,2021-10-06,1
28501,09:11.7,18,3.26,23.8,3.91,2.16,2021-10-06,1
28627,20:02.9,19,3.64,23.98,3.14,1.79,2021-10-06,1
28628,20:07.9,19,2.78,24.86,4.32,1.46,2021-10-06,1
28742,30:22.8,21,2.54,25.75,1.98,1.97,2021-10-06,1
28773,33:19.2,22,2.0,24.83,1.94,2.48,2021-10-06,1
28806,36:04.4,22,4.96,24.69,4.15,2.28,2021-10-06,1
28854,26:04.0,1,1.83,24.69,3.96,1.13,2021-10-07,1
28891,29:09.2,1,4.23,17.02,4.02,1.85,2021-10-07,1
28892,29:14.2,1,3.97,25.48,3.67,2.4,2021-10-07,1
28957,35:01.5,2,1.94,24.65,3.68,1.93,2021-10-07,1
28980,37:19.1,3,1.8,18.68,1.93,4.05,2021-10-07,1
29076,45:40.9,4,5.28,25.28,2.12,1.66,2021-10-07,1
29113,48:46.0,4,3.15,26.77,1.54,4.96,2021-10-07,1
29264,02:27.9,7,4.44,24.34,2.45,3.94,2021-10-07,1
29266,02:37.9,7,1.6,24.29,3.51,1.92,2021-10-07,1
29318,06:58.2,7,3.9,25.23,4.06,4.58,2021-10-07,1
29332,08:28.6,8,4.54,19.92,3.76,2.46,2021-10-07,1
29446,18:20.4,9,4.56,21.62,3.68,1.99,2021-10-07,1
29463,20:07.7,10,2.4,22.61,3.23,2.14,2021-10-07,1
29494,22:42.9,10,2.4,22.61,3.23,2.14,2021-10-07,1
29510,24:03.0,10,2.4,22.61,3.23,2.14,2021-10-07,1
29519,24:48.0,10,2.4,22.61,3.23,2.14,2021-10-07,1
29534,26:23.5,11,3.95,23.18,3.81,3.95,2021-10-07,1
29555,28:08.6,11,3.95,23.18,3.81,3.95,2021-10-07,1
29558,28:23.6,11,3.95,23.18,3.81,3.95,2021-10-07,1
29587,30:48.8,11,3.95,23.18,3.81,3.95,2021-10-07,1
29645,36:01.2,12,4.49,23.07,2.31,1.85,2021-10-07,1
29836,53:00.4,15,4.79,18.46,2.31,1.33,2021-10-07,1
29856,54:40.5,15,3.34,27.94,2.18,4.62,2021-10-07,1
29873,56:05.6,15,2.44,17.25,4.06,4.23,2021-10-07,1
29939,01:56.9,16,2.82,25.72,1.55,2.26,2021-10-07,1
30052,12:06.4,18,1.89,21.52,2.1,3.56,2021-10-07,1
30127,18:43.9,19,4.96,24.69,4.15,2.28,2021-10-07,1
30132,19:08.9,19,4.96,24.69,4.15,2.28,2021-10-07,1
30136,19:28.9,19,4.96,24.69,4.15,2.28,2021-10-07,1
30142,19:59.0,19,4.96,24.69,4.15,2.28,2021-10-07,1
30170,22:40.9,20,2.74,26.96,1.59,1.9,2021-10-07,1
30233,28:17.0,21,4.79,24.1,3.37,1.22,2021-10-07,1
30242,29:02.0,21,2.37,26.13,3.63,1.51,2021-10-07,1
30298,34:05.2,22,5.07,17.56,4.06,4.27,2021-10-07,1
30302,34:25.2,22,4.66,21.41,3.6,3.13,2021-10-07,1
30355,38:50.5,22,1.97,24.91,2.3,4.33,2021-10-07,1
30373,30:40.0,1,1.96,27.47,3.34,1.27,2021-10-08,1
30381,31:20.1,1,3.82,19.56,4.17,3.22,2021-10-08,1
30395,32:30.1,1,1.95,24.4,4.42,1.43,2021-10-08,1
30431,35:51.9,2,4.43,24.48,3.08,3.98,2021-10-08,1
30447,37:12.0,2,4.91,25.29,2.42,1.32,2021-10-08,1
30507,42:34.7,3,5.22,26.32,1.87,4.8,2021-10-08,1
30515,43:14.8,3,5.22,26.32,1.87,4.8,2021-10-08,1
30517,43:24.8,3,5.22,26.32,1.87,4.8,2021-10-08,1
30534,44:49.9,3,5.22,26.32,1.87,4.8,2021-10-08,1
30706,00:12.3,6,4.56,24.77,3.9,4.15,2021-10-08,1
30754,04:12.5,6,3.21,22.39,1.65,1.67,2021-10-08,1
30814,09:34.6,7,4.06,24.16,3.78,4.76,2021-10-08,1
30826,10:34.6,7,4.35,27.15,3.91,2.2,2021-10-08,1
30914,18:37.9,9,3.3,24.0,2.12,1.37,2021-10-08,1
30986,25:01.2,10,4.3,24.58,2.28,4.86,2021-10-08,1
31014,27:21.3,10,4.82,21.17,3.09,3.85,2021-10-08,1
31088,33:52.7,11,4.61,24.24,3.83,3.89,2021-10-08,1
31237,46:58.9,13,3.61,26.26,4.15,1.1,2021-10-08,1
31259,49:11.4,14,3.78,22.13,3.13,1.4,2021-10-08,1
31487,09:19.1,17,2.08,23.06,3.8,2.03,2021-10-08,1
31564,16:06.8,18,2.24,23.73,3.85,1.32,2021-10-08,1
31567,16:21.9,18,3.62,25.16,3.6,1.74,2021-10-08,1
31603,19:43.0,19,4.82,26.75,4.07,4.61,2021-10-08,0
31604,19:48.1,19,5.27,23.54,4.48,1.65,2021-10-08,0
31609,20:13.1,19,3.12,25.04,1.81,3.25,2021-10-08,0
31622,21:18.1,19,2.47,18.0,2.28,3.08,2021-10-08,0
31638,22:38.2,19,4.92,25.24,3.77,2.16,2021-10-08,0
31714,29:19.3,20,5.16,27.91,4.22,3.79,2021-10-08,1
31747,32:26.6,21,5.11,23.89,3.65,3.07,2021-10-08,1
31979,34:08.4,2,4.25,17.15,1.58,3.5,2021-10-12,1
32090,44:08.2,4,4.86,24.56,4.12,3.16,2021-10-12,1
32100,44:58.3,4,3.02,25.59,1.8,1.82,2021-10-12,1
32127,47:13.4,4,3.25,24.14,1.92,3.94,2021-10-12,1
32206,54:10.6,5,1.56,27.06,1.72,2.34,2021-10-12,1
32218,55:10.6,5,4.71,23.15,2.06,2.02,2021-10-12,1
32296,02:26.0,7,4.82,26.35,2.42,1.8,2021-10-12,1
32299,02:41.0,7,4.17,25.11,2.23,4.02,2021-10-12,1
32318,04:16.1,7,2.76,22.49,3.49,1.48,2021-10-12,1
32440,15:11.6,9,3.49,27.73,2.14,1.94,2021-10-12,1
32445,15:36.6,9,3.75,21.69,1.74,4.13,2021-10-12,1
32459,16:46.7,9,1.77,25.11,1.9,1.91,2021-10-12,1
32587,28:07.7,11,2.4,22.61,3.23,2.14,2021-10-12,1
32590,28:22.7,11,2.02,21.11,3.18,1.47,2021-10-12,1
32678,36:03.4,12,2.52,21.04,3.24,1.19,2021-10-12,1
32695,37:28.4,12,5.2,24.46,2.12,4.0,2021-10-12,1
32832,49:35.3,14,4.69,25.79,3.67,1.46,2021-10-12,1
32850,51:25.7,15,2.05,22.63,1.59,4.96,2021-10-12,1
32995,04:14.9,17,4.82,21.17,3.09,3.85,2021-10-12,1
32997,04:25.0,17,4.82,21.17,3.09,3.85,2021-10-12,1
33006,05:10.0,17,4.82,21.17,3.09,3.85,2021-10-12,1
33030,07:10.1,17,4.82,21.17,3.09,3.85,2021-10-12,1
33144,17:24.7,19,3.73,21.26,3.22,2.16,2021-10-12,1
33262,27:56.0,21,4.83,21.09,1.64,4.2,2021-10-12,1
33266,28:16.0,21,3.4,21.65,2.0,3.29,2021-10-12,1
33404,26:33.0,1,2.04,25.49,2.35,4.6,2021-10-13,1
33513,36:00.4,2,2.67,23.79,1.63,4.34,2021-10-13,1
33520,36:35.4,2,2.67,23.79,1.63,4.34,2021-10-13,1
33522,36:45.5,2,2.67,23.79,1.63,4.34,2021-10-13,1
33528,37:15.5,2,2.67,23.79,1.63,4.34,2021-10-13,1
33536,38:18.5,3,4.23,26.67,4.25,2.49,2021-10-13,1
33554,39:48.6,3,4.23,26.67,4.25,2.49,2021-10-13,1
33557,40:03.6,3,4.23,26.67,4.25,2.49,2021-10-13,1
33570,41:08.7,3,4.23,26.67,4.25,2.49,2021-10-13,1
33606,44:31.7,4,1.94,17.87,3.13,1.48,2021-10-13,1
33673,50:29.3,5,3.43,24.24,4.2,1.69,2021-10-13,1
33684,51:24.4,5,3.43,24.24,4.2,1.69,2021-10-13,1
33689,51:49.4,5,3.43,24.24,4.2,1.69,2021-10-13,1
33722,54:34.6,5,3.43,24.24,4.2,1.69,2021-10-13,1
33754,57:37.0,6,1.75,25.14,2.17,3.62,2021-10-13,1
33807,02:02.2,6,2.45,22.67,1.87,2.12,2021-10-13,1
33834,04:40.2,7,4.33,25.14,2.24,1.39,2021-10-13,1
33874,08:00.4,7,2.46,25.72,1.8,1.06,2021-10-13,1
33896,10:11.0,8,3.19,25.43,2.08,4.17,2021-10-13,1
33901,10:36.0,8,3.19,25.43,2.08,4.17,2021-10-13,1
33907,11:06.1,8,3.19,25.43,2.08,4.17,2021-10-13,1
33944,14:11.3,8,3.19,25.43,2.08,4.17,2021-10-13,1
33951,15:06.8,9,2.64,26.83,1.84,4.95,2021-10-13,1
33986,18:02.0,9,5.48,25.43,2.49,3.34,2021-10-13,1
34038,22:43.0,10,3.93,22.99,4.2,4.92,2021-10-13,0
34054,24:03.1,10,5.14,18.28,3.69,4.67,2021-10-13,0
34075,25:48.2,10,4.18,24.44,1.84,4.4,2021-10-13,0
34082,26:23.2,10,4.0,26.23,3.95,3.89,2021-10-13,0
34125,30:19.4,11,4.16,25.92,3.44,4.88,2021-10-13,1
34134,31:04.4,11,2.15,21.73,2.35,4.3,2021-10-13,1
34167,34:10.5,12,3.64,24.87,2.13,4.19,2021-10-13,1
34230,39:48.4,13,4.42,21.09,4.1,3.55,2021-10-13,1
34232,39:58.4,13,4.42,21.09,4.1,3.55,2021-10-13,1
34250,41:28.5,13,4.42,21.09,4.1,3.55,2021-10-13,1
34258,42:08.6,13,4.42,21.09,4.1,3.55,2021-10-13,1
34358,50:51.3,14,4.94,26.18,3.67,4.8,2021-10-13,1
34443,58:40.8,16,2.83,25.02,2.36,1.96,2021-10-13,1
34495,03:01.1,16,2.64,26.77,1.77,2.16,2021-10-13,1
34529,06:11.8,17,4.0,22.06,1.97,3.95,2021-10-13,1
34572,10:09.2,18,2.67,23.79,1.63,4.34,2021-10-13,1
34576,10:29.3,18,2.67,23.79,1.63,4.34,2021-10-13,1
34624,14:29.5,18,2.67,23.79,1.63,4.34,2021-10-13,1
34634,15:19.5,18,2.67,23.79,1.63,4.34,2021-10-13,1
34659,17:45.7,19,4.47,23.17,3.28,3.68,2021-10-13,1
34762,26:43.3,20,1.63,22.71,4.1,2.04,2021-10-13,1
34764,26:53.3,20,5.06,18.09,3.19,3.15,2021-10-13,1
34897,38:43.5,22,4.32,23.54,4.35,4.8,2021-10-13,1
34911,39:53.6,22,2.66,23.78,1.61,4.31,2021-10-13,1
35023,34:33.4,2,4.23,23.91,4.07,4.85,2021-10-14,1
35061,38:05.3,3,3.81,24.23,4.21,2.08,2021-10-14,0
35069,38:45.3,3,5.23,25.98,2.22,4.85,2021-10-14,0
35094,40:50.5,3,3.93,18.94,4.36,4.31,2021-10-14,0
35098,41:10.5,3,4.33,18.53,3.36,3.43,2021-10-14,0
35110,42:10.6,3,3.23,23.46,3.85,1.16,2021-10-14,0
35112,42:20.6,3,4.36,26.76,3.06,2.42,2021-10-14,0
35190,49:34.1,5,5.04,23.13,3.84,3.84,2021-10-14,1
35200,50:24.1,5,5.04,23.13,3.84,3.84,2021-10-14,1
35214,51:34.2,5,5.04,23.13,3.84,3.84,2021-10-14,1
35223,52:19.2,5,5.04,23.13,3.84,3.84,2021-10-14,1
35364,04:50.2,7,3.85,24.23,2.04,3.31,2021-10-14,1
35418,09:41.6,8,4.93,24.96,3.67,2.32,2021-10-14,1
35469,14:18.9,9,5.02,25.67,3.7,3.51,2021-10-14,1
35525,18:59.2,9,4.3,23.41,3.77,4.67,2021-10-14,1
35535,20:10.6,10,4.57,22.26,3.95,4.56,2021-10-14,1
35566,22:45.7,10,4.57,22.26,3.95,4.56,2021-10-14,1
35567,22:50.7,10,4.57,22.26,3.95,4.56,2021-10-14,1
35599,25:30.9,10,4.57,22.26,3.95,4.56,2021-10-14,1
35721,36:24.0,12,2.39,21.55,3.28,1.88,2021-10-14,1
35774,41:10.9,13,4.65,27.59,3.23,3.64,2021-10-14,1
35797,43:06.1,13,2.67,23.79,1.63,4.34,2021-10-14,1
35904,52:44.4,15,4.54,26.63,1.83,4.99,2021-10-14,1
35943,55:59.6,15,4.25,24.05,3.86,4.94,2021-10-14,1
35949,56:50.4,16,3.76,25.33,1.53,3.17,2021-10-14,1
35967,58:20.4,16,3.76,25.33,1.53,3.17,2021-10-14,1
35970,58:35.5,16,3.76,25.33,1.53,3.17,2021-10-14,1
35971,58:40.5,16,3.76,25.33,1.53,3.17,2021-10-14,1
36038,04:38.1,17,4.66,24.03,2.21,4.68,2021-10-14,1
36252,23:34.0,20,2.89,25.33,4.13,1.82,2021-10-14,1
36255,23:49.0,20,4.21,24.52,1.87,4.02,2021-10-14,1
36287,26:29.2,20,2.35,24.21,1.98,3.77,2021-10-14,1
36297,27:41.7,21,4.44,24.02,3.25,4.96,2021-10-14,1
36328,30:16.8,21,4.44,24.02,3.25,4.96,2021-10-14,1
36335,30:51.9,21,4.44,24.02,3.25,4.96,2021-10-14,1
36342,31:26.9,21,4.44,24.02,3.25,4.96,2021-10-14,1
36367,33:52.5,22,4.28,22.16,3.6,4.41,2021-10-14,1
36368,33:57.5,22,4.28,22.16,3.6,4.41,2021-10-14,1
36402,36:47.6,22,4.28,22.16,3.6,4.41,2021-10-14,1
36417,38:02.7,22,4.28,22.16,3.6,4.41,2021-10-14,1
36505,34:56.4,2,4.3,23.41,3.77,4.67,2021-10-15,1
36519,36:06.5,2,4.3,23.41,3.77,4.67,2021-10-15,1
36526,36:41.5,2,4.3,23.41,3.77,4.67,2021-10-15,1
36566,40:01.7,2,4.3,23.41,3.77,4.67,2021-10-15,1
36604,43:33.1,3,4.23,23.91,4.07,4.85,2021-10-15,1
36610,44:03.1,3,4.23,23.91,4.07,4.85,2021-10-15,1
36617,44:38.1,3,4.23,23.91,4.07,4.85,2021-10-15,1
36621,44:58.2,3,4.23,23.91,4.07,4.85,2021-10-15,1
36698,51:43.8,4,2.22,24.34,2.38,1.83,2021-10-15,1
36822,02:49.6,6,3.69,23.85,1.54,3.84,2021-10-15,1
36824,02:59.6,6,2.35,22.11,1.85,2.3,2021-10-15,1
36840,04:19.7,6,4.44,24.02,3.25,4.96,2021-10-15,1
37004,19:06.3,9,2.29,24.05,3.14,1.62,2021-10-15,1
37035,21:41.4,9,4.8,25.83,3.9,3.36,2021-10-15,1
37152,32:10.4,11,2.69,19.16,2.24,4.11,2021-10-15,1
37157,32:35.4,11,4.06,22.8,2.2,3.99,2021-10-15,1
37196,36:11.8,12,2.35,24.21,1.98,3.77,2021-10-15,1
37236,39:31.9,12,2.35,24.21,1.98,3.77,2021-10-15,1
37238,39:42.0,12,2.35,24.21,1.98,3.77,2021-10-15,1
37245,40:17.0,12,2.35,24.21,1.98,3.77,2021-10-15,1
37262,42:02.7,13,3.13,21.22,2.08,3.5,2021-10-15,1
37276,43:12.8,13,4.0,26.65,4.0,4.96,2021-10-15,1
37337,48:39.3,14,4.9,24.19,4.17,4.84,2021-10-15,1
37381,52:19.5,14,2.14,19.58,4.29,1.36,2021-10-15,1
37450,58:27.2,15,4.57,22.26,3.95,4.56,2021-10-15,1
37455,58:52.2,15,5.12,27.1,2.22,4.23,2021-10-15,1
37538,06:30.2,17,4.0,22.06,1.97,3.95,2021-10-15,1
37549,07:25.3,17,4.0,22.06,1.97,3.95,2021-10-15,1
37572,09:20.4,17,4.0,22.06,1.97,3.95,2021-10-15,1
37576,09:40.4,17,4.0,22.06,1.97,3.95,2021-10-15,1
37745,24:49.8,20,4.19,21.44,3.83,4.86,2021-10-15,1
37830,32:17.1,21,2.56,23.9,3.55,1.9,2021-10-15,1
37858,34:37.2,21,5.16,21.65,4.13,1.84,2021-10-15,1
38075,32:39.1,2,5.2,25.99,3.78,1.36,2021-10-18,1
38286,51:18.6,5,4.81,27.65,4.24,1.72,2021-10-18,1
38320,54:29.3,6,1.55,27.44,3.82,1.63,2021-10-18,1
38361,57:54.5,6,4.97,22.48,1.96,3.1,2021-10-18,1
38375,59:25.4,7,1.95,25.45,4.36,1.85,2021-10-18,1
38388,00:30.5,7,3.79,23.32,3.36,4.61,2021-10-18,1
38552,14:56.2,9,3.68,21.88,1.86,4.53,2021-10-18,1
38595,18:53.4,10,2.43,24.34,3.59,1.97,2021-10-18,1
38611,20:13.5,10,1.84,27.99,1.57,2.19,2021-10-18,1
38623,21:13.6,10,3.11,27.45,1.97,1.63,2021-10-18,1
38780,35:25.3,13,4.29,18.47,1.56,4.42,2021-10-18,1
38782,35:35.3,13,4.71,19.79,3.83,4.74,2021-10-18,1
38842,40:35.5,13,1.84,24.71,1.8,3.79,2021-10-18,1
38911,46:42.0,14,4.42,21.09,4.1,3.55,2021-10-18,1
38955,50:42.4,15,1.75,19.44,4.09,1.58,2021-10-18,1
38965,51:32.4,15,4.09,25.63,4.41,3.48,2021-10-18,1
39151,08:08.8,18,2.16,24.76,1.92,4.84,2021-10-18,1
39334,24:28.7,21,1.6,24.59,2.02,3.81,2021-10-18,1
39348,25:38.8,21,4.15,21.79,3.07,3.64,2021-10-18,1
39448,34:21.5,22,4.26,26.06,2.22,4.23,2021-10-18,1
39468,23:24.0,1,1.6,25.76,1.78,3.51,2021-10-19,1
39488,25:04.1,1,4.34,22.14,4.34,2.32,2021-10-19,1
39534,28:54.2,1,3.98,23.1,1.76,2.12,2021-10-19,1
39537,29:31.0,2,4.26,26.06,2.22,4.23,2021-10-19,1
39545,30:11.1,2,4.26,26.06,2.22,4.23,2021-10-19,1
39546,30:16.1,2,4.26,26.06,2.22,4.23,2021-10-19,1
39559,31:21.1,2,4.26,26.06,2.22,4.23,2021-10-19,1
39609,35:54.0,3,4.23,23.91,4.07,4.85,2021-10-19,1
39623,37:04.1,3,4.23,23.91,4.07,4.85,2021-10-19,1
39624,37:09.1,3,4.23,23.91,4.07,4.85,2021-10-19,1
39661,40:14.3,3,4.23,23.91,4.07,4.85,2021-10-19,1
39684,42:29.9,4,3.88,23.53,4.26,4.77,2021-10-19,1
39688,42:50.0,4,3.88,23.53,4.26,4.77,2021-10-19,1
39699,43:45.0,4,3.88,23.53,4.26,4.77,2021-10-19,1
39724,45:50.2,4,3.88,23.53,4.26,4.77,2021-10-19,1
39779,50:47.7,5,2.52,22.55,3.51,1.95,2021-10-19,1
39803,52:47.8,5,2.18,26.2,1.9,4.74,2021-10-19,1
39816,54:14.2,6,3.88,23.53,4.26,4.77,2021-10-19,1
39822,54:44.3,6,3.88,23.53,4.26,4.77,2021-10-19,1
39856,57:34.4,6,3.88,23.53,4.26,4.77,2021-10-19,1
39862,58:04.5,6,3.88,23.53,4.26,4.77,2021-10-19,1
40022,12:32.9,9,4.0,22.06,1.97,3.95,2021-10-19,1
40044,14:23.1,9,4.0,22.06,1.97,3.95,2021-10-19,1
40048,14:43.1,9,4.0,22.06,1.97,3.95,2021-10-19,1
40065,16:08.2,9,4.0,22.06,1.97,3.95,2021-10-19,1
40176,26:06.8,11,4.23,26.67,4.25,2.49,2021-10-19,1
40177,26:11.8,11,4.23,26.67,4.25,2.49,2021-10-19,1
40218,29:37.1,11,4.23,26.67,4.25,2.49,2021-10-19,1
40225,30:12.1,11,4.23,26.67,4.25,2.49,2021-10-19,1
40236,31:29.3,12,1.59,24.6,1.7,3.86,2021-10-19,1
40306,37:42.5,13,4.44,24.02,3.25,4.96,2021-10-19,1
40324,39:12.6,13,4.44,24.02,3.25,4.96,2021-10-19,1
40327,39:27.6,13,4.44,24.02,3.25,4.96,2021-10-19,1
40351,41:27.8,13,4.44,24.02,3.25,4.96,2021-10-19,1
40395,45:29.9,14,4.12,22.25,4.3,3.5,2021-10-19,1
40527,57:15.4,16,3.88,23.53,4.26,4.77,2021-10-19,1
40590,02:52.8,17,3.43,24.24,4.2,1.69,2021-10-19,1
40617,05:07.9,17,1.8,23.2,2.42,1.49,2021-10-19,1
40657,08:50.0,18,3.72,24.31,3.11,1.85,2021-10-19,1
40763,18:01.4,19,1.78,19.23,1.79,4.67,2021-10-19,1
40889,29:16.4,21,2.74,19.19,1.74,4.77,2021-10-19,1
41003,30:58.0,1,3.44,26.0,3.21,1.78,2021-10-20,1
41018,32:13.1,1,5.48,25.35,3.84,4.07,2021-10-20,1
41021,32:28.1,1,3.28,22.44,3.14,1.17,2021-10-20,1
41071,36:59.7,2,4.0,22.33,3.24,1.77,2021-10-20,1
41281,55:33.7,5,2.68,17.97,2.31,4.3,2021-10-20,1
41351,01:45.9,6,5.0,21.13,3.72,3.17,2021-10-20,1
41475,12:50.9,8,4.5,21.33,2.22,4.2,2021-10-20,1
41487,13:51.0,8,2.47,24.25,1.7,4.15,2021-10-20,1
41637,27:05.2,10,4.97,23.05,4.04,4.34,2021-10-20,1
41720,34:22.0,11,1.9,26.63,1.66,3.71,2021-10-20,1
41748,37:03.4,12,5.08,26.27,3.54,4.88,2021-10-20,1
41778,39:33.6,12,5.08,26.27,3.54,4.88,2021-10-20,1
41782,39:53.6,12,5.08,26.27,3.54,4.88,2021-10-20,1
41794,40:53.6,12,5.08,26.27,3.54,4.88,2021-10-20,1
41860,46:44.3,13,3.94,25.23,3.93,4.15,2021-10-20,1
41898,50:15.3,14,4.15,21.79,3.07,3.64,2021-10-20,1
41939,53:40.5,14,4.15,21.79,3.07,3.64,2021-10-20,1
41941,53:50.5,14,4.15,21.79,3.07,3.64,2021-10-20,1
41948,54:25.5,14,4.15,21.79,3.07,3.64,2021-10-20,1
41978,57:16.6,15,4.09,26.25,2.31,3.37,2021-10-20,1
41984,57:46.6,15,4.09,26.25,2.31,3.37,2021-10-20,1
42003,59:21.7,15,4.09,26.25,2.31,3.37,2021-10-20,1
42009,59:51.7,15,4.09,26.25,2.31,3.37,2021-10-20,1
42124,10:08.9,17,5.16,27.5,2.27,2.0,2021-10-20,1
42139,11:24.0,17,4.43,25.27,3.86,1.79,2021-10-20,1
42147,12:04.0,17,5.25,22.03,3.03,2.11,2021-10-20,1
42175,14:46.7,18,2.39,25.01,2.26,2.3,2021-10-20,1
42209,17:36.8,18,1.62,21.9,4.28,1.32,2021-10-20,1
42217,18:16.9,18,1.63,24.57,2.44,1.31,2021-10-20,1
42288,24:34.5,19,4.89,23.41,2.34,3.82,2021-10-20,1
42319,27:30.3,20,4.82,22.73,3.64,4.89,2021-10-20,1
42400,34:38.6,21,4.75,26.16,3.7,3.57,2021-10-20,1
42407,35:13.7,21,2.72,27.78,3.17,2.13,2021-10-20,1
42428,36:58.8,21,3.96,24.52,1.68,3.94,2021-10-20,1
42435,37:55.4,22,4.0,22.06,1.97,3.95,2021-10-20,1
42439,38:15.4,22,4.0,22.06,1.97,3.95,2021-10-20,1
42480,41:40.6,22,4.0,22.06,1.97,3.95,2021-10-20,1
42499,43:15.7,22,4.0,22.06,1.97,3.95,2021-10-20,1
42558,27:58.2,1,4.65,25.9,4.22,1.96,2021-10-21,1
42564,28:28.3,1,4.54,26.49,4.05,4.56,2021-10-21,1
42606,32:19.2,2,4.99,26.22,2.49,3.3,2021-10-21,1
42611,32:44.2,2,3.9,27.69,3.75,3.25,2021-10-21,1
42619,33:24.2,2,2.95,26.12,3.14,1.52,2021-10-21,1
42645,35:56.2,3,4.49,25.72,4.25,3.58,2021-10-21,1
42802,49:44.4,5,4.18,22.17,4.2,1.12,2021-10-21,1
42827,51:49.5,5,4.18,22.54,3.26,1.54,2021-10-21,1
42923,00:32.8,7,4.76,25.99,2.07,4.05,2021-10-21,1
42939,01:52.9,7,4.28,22.16,3.6,4.41,2021-10-21,1
42943,02:12.9,7,2.23,25.46,2.32,4.1,2021-10-21,1
43001,07:25.6,8,4.33,25.14,2.24,1.39,2021-10-21,1
43025,09:25.7,8,4.33,25.14,2.24,1.39,2021-10-21,1
43043,10:55.8,8,4.33,25.14,2.24,1.39,2021-10-21,1
43045,11:05.8,8,4.33,25.14,2.24,1.39,2021-10-21,1
43083,14:37.3,9,5.08,26.27,3.54,4.88,2021-10-21,1
43241,28:32.8,11,4.15,25.74,3.12,3.54,2021-10-21,1
43471,49:12.6,15,3.96,23.99,3.79,1.61,2021-10-21,1
43504,51:57.8,15,2.53,25.81,1.66,4.46,2021-10-21,1
43621,02:26.4,17,2.56,23.9,3.55,1.9,2021-10-21,1
43636,03:41.5,17,2.56,23.9,3.55,1.9,2021-10-21,1
43637,03:46.5,17,2.56,23.9,3.55,1.9,2021-10-21,1
43664,06:01.6,17,2.56,23.9,3.55,1.9,2021-10-21,1
43775,16:00.1,19,4.93,23.45,3.1,1.82,2021-10-21,1
43825,20:30.7,20,3.47,19.75,1.75,4.9,2021-10-21,1
43835,21:20.8,20,1.88,21.83,2.11,3.15,2021-10-21,1
43908,27:46.8,21,3.19,25.43,2.08,4.17,2021-10-21,1
44044,31:33.1,1,3.25,21.31,2.27,3.6,2021-10-22,1
44056,32:33.1,1,5.15,26.61,2.47,2.0,2021-10-22,1
44120,38:14.4,2,1.71,26.76,1.67,2.03,2021-10-22,1
44127,38:49.4,2,2.42,21.42,3.36,1.54,2021-10-22,1
44193,44:41.3,3,3.65,26.83,4.14,1.85,2021-10-22,1
44256,50:18.2,4,3.38,22.93,4.43,1.28,2021-10-22,1
44264,50:58.2,4,3.46,24.93,2.28,1.62,2021-10-22,1
44333,57:05.8,5,4.35,24.06,4.44,2.18,2021-10-22,1
44378,01:11.7,6,3.44,24.58,1.57,4.0,2021-10-22,1
44660,26:08.4,10,3.98,27.82,2.2,3.63,2021-10-22,0
44689,28:33.6,10,3.8,27.45,4.24,1.79,2021-10-22,0
44692,28:48.6,10,5.05,25.44,2.28,4.27,2021-10-22,0
44749,33:54.2,11,1.75,25.14,2.17,3.62,2021-10-22,1
44765,35:14.3,11,1.75,25.14,2.17,3.62,2021-10-22,1
44769,35:34.3,11,1.75,25.14,2.17,3.62,2021-10-22,1
44777,36:14.3,11,1.75,25.14,2.17,3.62,2021-10-22,1
44790,37:40.0,12,3.8,22.15,3.21,1.36,2021-10-22,1
44796,38:10.1,12,1.64,24.91,2.05,4.36,2021-10-22,1
44837,41:35.3,12,3.61,22.13,3.84,1.77,2021-10-22,1
44869,44:35.9,13,4.99,23.83,1.68,3.65,2021-10-22,1
44913,48:16.2,13,4.11,22.14,1.88,3.11,2021-10-22,1
44933,50:16.7,14,2.54,21.44,1.74,1.67,2021-10-22,1
45002,56:23.8,15,4.23,26.67,4.25,2.49,2021-10-22,1
45104,05:15.1,16,3.06,22.78,1.96,4.39,2021-10-22,1
45213,15:03.9,18,1.76,26.67,4.2,1.49,2021-10-22,1
45220,15:38.9,18,4.42,24.53,1.7,4.91,2021-10-22,1
45229,16:23.9,18,1.94,18.33,3.39,4.78,2021-10-22,1
45271,20:14.6,19,4.12,22.25,4.3,3.5,2021-10-22,1
45284,21:19.7,19,4.12,22.25,4.3,3.5,2021-10-22,1
45303,22:54.7,19,4.12,22.25,4.3,3.5,2021-10-22,1
45311,23:34.8,19,4.12,22.25,4.3,3.5,2021-10-22,1
45541,23:53.0,1,4.12,22.25,4.3,3.5,2021-10-25,1
45546,24:18.0,1,4.12,22.25,4.3,3.5,2021-10-25,1
45592,28:08.2,1,4.12,22.25,4.3,3.5,2021-10-25,1
45595,28:23.2,1,4.12,22.25,4.3,3.5,2021-10-25,1
45684,36:33.1,3,5.15,25.39,3.72,4.93,2021-10-25,1
45685,36:38.1,3,5.15,25.39,3.72,4.93,2021-10-25,1
45727,40:08.3,3,5.15,25.39,3.72,4.93,2021-10-25,1
45744,41:33.4,3,5.15,25.39,3.72,4.93,2021-10-25,1
45768,43:54.6,4,3.85,19.65,1.9,4.96,2021-10-25,1
45794,46:04.8,4,4.95,22.11,1.74,4.11,2021-10-25,1
45834,49:46.8,5,3.01,25.23,1.63,1.59,2021-10-25,1
45885,54:23.7,6,4.57,22.26,3.95,4.56,2021-10-25,1
45894,55:08.7,6,4.57,22.26,3.95,4.56,2021-10-25,1
45928,57:58.9,6,4.57,22.26,3.95,4.56,2021-10-25,1
45939,58:54.0,6,4.57,22.26,3.95,4.56,2021-10-25,1
45970,01:51.9,7,2.02,23.94,2.04,1.55,2021-10-25,1
46032,07:25.2,8,1.51,23.1,4.42,1.91,2021-10-25,1
46092,12:45.5,9,4.33,25.14,2.24,1.39,2021-10-25,1
46109,14:10.6,9,4.33,25.14,2.24,1.39,2021-10-25,1
46136,16:25.7,9,4.33,25.14,2.24,1.39,2021-10-25,1
46138,16:35.7,9,4.33,25.14,2.24,1.39,2021-10-25,1
46165,19:13.4,10,4.57,22.26,3.95,4.56,2021-10-25,1
46169,19:33.4,10,4.57,22.26,3.95,4.56,2021-10-25,1
46183,20:43.5,10,4.57,22.26,3.95,4.56,2021-10-25,1
46193,21:33.5,10,4.57,22.26,3.95,4.56,2021-10-25,1
46239,25:44.6,11,4.13,25.67,3.28,2.41,2021-10-25,1
46240,25:49.6,11,4.93,23.22,1.95,4.53,2021-10-25,1
46286,29:39.9,11,3.98,19.79,3.74,1.84,2021-10-25,1
46574,55:07.4,15,1.75,21.33,3.57,2.12,2021-10-25,1
46578,55:50.3,16,2.09,26.14,2.09,4.61,2021-10-25,0
46597,57:25.4,16,3.84,22.22,3.62,4.55,2021-10-25,0
46608,58:20.4,16,3.6,25.94,1.87,4.93,2021-10-25,0
46613,58:45.5,16,2.61,17.32,1.69,2.43,2021-10-25,0
46617,59:05.5,16,1.69,18.58,3.4,3.94,2021-10-25,0
46724,08:45.7,18,1.74,22.52,1.73,2.35,2021-10-25,1
46850,19:37.9,19,2.69,27.45,2.03,4.49,2021-10-25,1
46866,21:19.2,20,5.04,23.13,3.84,3.84,2021-10-25,1
46870,21:39.2,20,2.22,26.7,2.19,2.4,2021-10-25,1
46871,21:44.2,20,4.92,24.53,4.43,3.51,2021-10-25,1
46994,32:44.5,22,4.09,26.25,2.31,3.37,2021-10-25,1
47163,35:24.0,2,4.21,26.19,4.19,4.64,2021-10-26,1
47186,37:19.1,2,3.23,23.25,2.28,3.2,2021-10-26,1
47236,41:51.3,3,5.24,24.15,4.2,4.71,2021-10-26,1
47248,42:51.3,3,3.57,22.63,3.16,1.85,2021-10-26,1
47487,04:13.1,7,4.3,23.41,3.77,4.67,2021-10-26,1
47514,06:28.3,7,4.3,23.41,3.77,4.67,2021-10-26,1
47519,06:53.3,7,4.3,23.41,3.77,4.67,2021-10-26,1
47539,08:33.4,7,4.3,23.41,3.77,4.67,2021-10-26,1
47753,27:49.3,11,2.01,22.58,3.38,1.64,2021-10-26,1
47782,30:14.4,11,5.38,23.73,4.11,1.96,2021-10-26,1
47889,39:53.7,13,4.65,21.77,4.3,4.77,2021-10-26,1
47928,43:08.9,13,2.03,24.5,4.34,1.8,2021-10-26,1
48006,50:00.4,14,5.13,21.59,4.32,4.1,2021-10-26,1
48026,52:03.5,15,3.73,27.96,2.04,4.1,2021-10-26,1
48044,53:33.5,15,3.05,27.9,1.99,2.22,2021-10-26,1
48096,58:16.8,16,4.36,19.34,3.7,2.48,2021-10-26,1
48183,05:54.0,17,2.57,22.85,1.64,1.63,2021-10-26,1
48254,12:11.8,18,4.33,25.14,2.24,1.39,2021-10-26,1
48264,13:01.8,18,4.33,25.14,2.24,1.39,2021-10-26,1
48273,13:46.9,18,4.33,25.14,2.24,1.39,2021-10-26,1
48281,14:26.9,18,4.33,25.14,2.24,1.39,2021-10-26,1
48310,17:12.4,19,2.02,23.94,2.04,1.55,2021-10-26,1
48324,18:22.4,19,2.02,23.94,2.04,1.55,2021-10-26,1
48331,18:57.5,19,2.02,23.94,2.04,1.55,2021-10-26,1
48334,19:12.5,19,2.02,23.94,2.04,1.55,2021-10-26,1
48378,23:12.8,20,1.76,19.79,2.04,3.65,2021-10-26,1
48417,26:28.0,20,3.25,24.85,1.96,1.08,2021-10-26,1
48460,30:24.8,21,3.77,25.05,1.67,1.74,2021-10-26,1
